n_freq,n_epochs,n_bands,dlogq,std,fast
1000,1000,5,0.3,0.038762,0.003866
10000,1000,5,0.3,0.383931,0.030897
100000,1000,5,0.3,3.854503,0.301434
1000000,1000,5,0.3,38.768669,3.028687
10000000,1000,5,0.3,384.685005,29.749590
