n_freq,n_epochs,n_bands,dlogq,std,fast
1000,1000,3,0.3,0.020035,0.001509
10000,1000,3,0.3,0.212588,0.012972
100000,1000,3,0.3,2.115930,0.125252
1000000,1000,3,0.3,23.361544,1.296972
10000000,1000,3,0.3,226.083018,13.541855
