n_freq,n_epochs,dlogq,std,fast
1000,1000,0.3,0.015591,0.000554
10000,1000,0.3,0.091771,0.002344
100000,1000,0.3,0.917247,0.022466
1000000,1000,0.3,9.168027,0.227783
10000000,1000,0.3,93.068937,2.804206
